"branch","category","subcategory","item","price","description"
"birmingham","Appetisers, Chat & Tawa","","Poppadoms","£1.50",""
"birmingham","Appetisers, Chat & Tawa","","Chutney Trays: Mango Mint & Tomato Garlic","£3.50",""
"birmingham","Appetisers, Chat & Tawa","","Desi Style Chicken Lollypop","£14","with Tamarind & Mint Chutney (g) (d)"
"birmingham","Appetisers, Chat & Tawa","","King Prawn with Mango & Cucumber Salsa (g) (d)","£16",""
"birmingham","Appetisers, Chat & Tawa","","Papri Chat","£11","with Tangy Chutney, Sweet Yogurt Topped with Sev (v) (g) (d)"
"birmingham","Appetisers, Chat & Tawa","","Pani Puri","£9","with Puffed Crispy Ball, Spicy Mint & Coriander Water (v) (g) (d)"
"birmingham","Appetisers, Chat & Tawa","","Homemade Chicken Samosa","£11","with Tamarind & Mint Chutney (g) (d)"
"birmingham","Appetisers, Chat & Tawa","","Organic Salmon Tikki","£16","with Caramel Roasted Pineapple Relish (d)"
"birmingham","Appetisers, Chat & Tawa","","Onion & Mix Pepper Bajee","£9",""
"birmingham","Appetisers, Chat & Tawa","","Aloo and Asparagus Tikki","£9",""
"birmingham","Appetisers, Chat & Tawa","","Beetroot Chop","£9",""
"birmingham","Tandoor, Grill & Sigri","","Varanasi Paneer Tikka","£14","with Coconut & Curry Leaf (v) (n) (d)"
"birmingham","Tandoor, Grill & Sigri","","Kasturi Chicken Tikka","£15","with Caramelised Pineapple Chutney (d)"
"birmingham","Tandoor, Grill & Sigri","","Nawabi Spiced Lamb Seekh","£16","with Cumin Mint Chutney (d)"
"birmingham","Tandoor, Grill & Sigri","","Tandoori Lamb Chops","£17","with Pickled Onion"
"birmingham","Tandoor, Grill & Sigri","","Bhatti Ka Boti Kebab","£16","Textures of Beetroot (d)"
"birmingham","Tandoor, Grill & Sigri","","Tandoori Wild King Prawn","£17","with spicy beetroot ketchup (d)"
"birmingham","Tandoor, Grill & Sigri","","Tandoori Ratan, Sharing Kebab Platter","£27","2 Chicken, Lamb Sheekh, 2 Boti"
"birmingham","Tandoor, Grill & Sigri","","Samundri Khazana Sharing Platter, 4 dishes from the Sea","£49","(2 pieces each) (Scallops, Salmon & King Prawn) (d) (g)"
"birmingham","Tandoor, Grill & Sigri","","Maharaja Platter (4 guests, 4 pieces each)","£59","(Skeekh Kebab, Murgh Lasooni Tikka, Veg Samosa, Paneer Tikka)"
"birmingham","Mains (on a plate)","","Nizami Vegetable Kofta Curry (v) + extra piece","£15",""
"birmingham","Mains (on a plate)","","Karahi Paneer (v)","£17",""
"birmingham","Mains (on a plate)","","Paneer Tikka Masala (v) (n) (d)","£17",""
"birmingham","Mains (on a plate)","","Murg Masala","£24","with Tomato & Fenugreek Sauce (n) (d)"
"birmingham","Mains (on a plate)","","Chill Chicken in Black Pepper & Chilli Garlic (g)","£24",""
"birmingham","Mains (on a plate)","","Delhi Style Classic Tandoori Chicken, served with Salad (d)","£22",""
"birmingham","Mains (on a plate)","","Badami Murg Korma, Mango & Desiccated Coconut Curry (n) (d)","£24",""
"birmingham","Mains (on a plate)","","Lamb Saddle with Spicy Dhunger Mash (d)","£28",""
"birmingham","Mains (on a plate)","","Lamb Shank Kasmeeri in Herbs & Spices","£27",""
"birmingham","Mains (on a plate)","","Lamb Karahi with Special Desi Karahi Sauce","£24",""
"birmingham","Mains (on a plate)","","Shredded Lamb with Kashmiri Herbs & Spices","£25",""
"birmingham","Mains (on a plate)","","Malabar King Prawn in Chef Special Spiced Sauce (d)","£28",""
"birmingham","Mains (on a plate)","","Samudri Khazana (mix seafood) in Tomato & Spring Onion","£30",""
"birmingham","Mains (on a plate)","","Lamb Chop Masala","£28",""
"birmingham","Bowl Curries","","Dhaniya Methi Murgh","£24",""
"birmingham","Bowl Curries","","Varanasi Chicken Curry","£24",""
"birmingham","Bowl Curries","","Butter Chicken (n)","£23",""
"birmingham","Bowl Curries","","King Prawn Bhuna","£30","with Potato"
"birmingham","Biryani Dishes","","Nawabi Chicken Biryani","£26",""
"birmingham","Biryani Dishes","","Lucknow Lamb Biryani","£27",""
"birmingham","Side Dishes","","Raita","£5",""
"birmingham","Side Dishes","","Cauliflower & Peas","£9",""
"birmingham","Side Dishes","","Dal Makhani Black Lentil","£10",""
"birmingham","Side Dishes","","Tarka Daal","£10",""
"birmingham","Side Dishes","","Bombay Aloo","£10",""
"birmingham","Side Dishes","","Palak Makai Ki Sabzi","£10",""
"birmingham","Side Dishes","","Pickled Okra Masal","£11",""
"birmingham","Rice & Bread","","Steamed Rice","£5",""
"birmingham","Rice & Bread","","Pilau Rice","£6",""
"birmingham","Rice & Bread","","Tandoori Roti","£4",""
"birmingham","Rice & Bread","","Spicy Rice","£6",""
"birmingham","Rice & Bread","","Potato & Peas Kulcha (g,d)","£6",""
"birmingham","Rice & Bread","","Lachha Paratha (g,d)","£6",""
"birmingham","Rice & Bread","","Butter Naan (g,d)","£5",""
"birmingham","Rice & Bread","","Peshwari Naan (n,g,d)","£6",""
"birmingham","Rice & Bread","","Cheese Naan (g,d)","£6",""
"birmingham","Rice & Bread","","Keema Naan (g,d)","£6",""
"birmingham","Rice & Bread","","Garlic Naan (g,d)","£6",""
"birmingham","Desserts","","Kesar Mango Rasmalai (d,n,g)","£11",""
"birmingham","Desserts","","Coconut Pannacotta with Passion and Mango (d)","£11",""
"birmingham","Desserts","","Cheesecake (Pistachio, Strawberry & Chocolate) (w,d,s,n)","£12",""
"birmingham","Desserts","","Sorbet selection (Melon, Passion and Coconut) (n)","£11",""
"birmingham","Desserts","","Gulab Jamun with Vanilla Ice Cream (n,g,d)","£10",""
"birmingham","Vegan Desserts","","Chocolate Fondant (w,d,n)","£12","A vegan chocolate fondant made with dark chocolate"
"birmingham","Coffee & Tea","","Black Coffee","£4.50",""
"birmingham","Coffee & Tea","","Espresso","£3",""
"birmingham","Coffee & Tea","","Double Espresso","£3.50",""
"birmingham","Coffee & Tea","","Cappuccino","£4.50",""
"birmingham","Coffee & Tea","","Latte","£4.50",""
"birmingham","Coffee & Tea","","Americano","£4.50",""
"birmingham","Coffee & Tea","","Selection of Teas","£4.50",""
"birmingham","Coffee & Tea","","Irish Coffee Whisky","£9",""
"birmingham","Coffee & Tea","","French Coffee Cognac","£9",""
"birmingham","Coffee & Tea","","Italian Coffee Amaretto","£9",""
"birmingham","Shahi Set Menu","Pre-Starter","Poppadoms","","Chutney Trays: Mango Mint & Tomato Garlic"
"birmingham","Shahi Set Menu","Starters","Nawabi Spiced Lamb Seekh","","with Cumin Mint Chutney (d)"
"birmingham","Shahi Set Menu","Starters","Potato Cutlet (v)","",""
"birmingham","Shahi Set Menu","Starters","Murg Lassuni Tikka","",""
"birmingham","Shahi Set Menu","Mains","Paneer Tikka Masala (v) (n) (d)","",""
"birmingham","Shahi Set Menu","Mains","Varanasi Chicken Curry","",""
"birmingham","Shahi Set Menu","Mains","Tarka Daal","",""
"birmingham","Shahi Set Menu","Mains","Steamed Rice","",""
"birmingham","Shahi Set Menu","Mains","Lamb Karahi","",""
"birmingham","Shahi Set Menu","Mains","Naan","",""
"birmingham","Shahi Set Menu","Dessert","Panna Cotta","",""
"birmingham","Shahi Set Menu","Dessert","Ras Malai","",""
"birmingham","Shahi Set Menu","Dessert","Cheesecake","",""
"birmingham","Dawat","Pre-Starter","Poppadoms","","Chutney Trays: Mango Mint & Tomato Garlic"
"birmingham","Dawat","Starters","Bhatti Ka Boti Kebab","","Textures of Beetroot (d)"
"birmingham","Dawat","Starters","Tandoori Wild King Prawn","","with spicy beetroot ketchup (d)"
"birmingham","Dawat","Starters","Kasturi Chicken Tikka","","with Pickled Cucumber, Coriander Chutney"
"birmingham","Dawat","Mains","King Prawn Bhuna","","with Potato"
"birmingham","Dawat","Mains","Murg Masala","","with Tomato & Fenugreek Sauce (n) (d)"
"birmingham","Dawat","Mains","Lamb Karahi","",""
"birmingham","Dawat","Mains","Naan","",""
"birmingham","Dawat","Dessert","Ras Malai","",""
"birmingham","Dawat","Dessert","Cheesecake","",""
"birmingham","Dawat","Dessert","Strawberry & Mango Panna Cotta","",""
"birmingham","Vegetarian Set Menu","Pre-Starter","Poppadoms","","Chutney Trays: Mango Mint & Tomato Garlic"
"birmingham","Vegetarian Set Menu","Starters","Varanasi Paneer Tikka","","with Coconut & Curry Leaf (v) (n) (d)"
"birmingham","Vegetarian Set Menu","Starters","Beetroot Chop","","with Golden Raisins"
"birmingham","Vegetarian Set Menu","Starters","Tangy Saffron Relish","",""
"birmingham","Vegetarian Set Menu","Starters","Coconut & Cashew Crust","",""
"birmingham","Vegetarian Set Menu","Starters","Papdi Chaat","",""
"birmingham","Vegetarian Set Menu","Mains","Dal Makhani Black Lentil","",""
"birmingham","Vegetarian Set Menu","Mains","Pilau Rice","",""
"birmingham","Vegetarian Set Menu","Mains","Bharwa Baingan","",""
"birmingham","Vegetarian Set Menu","Mains","Chana Masala & Bhindi Shreddings","",""
"birmingham","Vegetarian Set Menu","Mains","Malai Kofta","",""
"birmingham","Vegetarian Set Menu","Mains","Naan (Butter & Garlic)","",""
"birmingham","Vegetarian Set Menu","Dessert","Ras Malai","",""
"birmingham","Vegetarian Set Menu","Dessert","White Raspberry Cheesecake","",""
"birmingham","Vegetarian Set Menu","Dessert","Drinks Menu","","We boast an elegant wine and drinks menu with an extensive selection of Gin’s, Whiskeys, Rums and Cognacs, championing the cocktail sector with “The Jewel of Varanasi’."
"leicester","Appetisers, Chat & Tawa","","Poppadoms","£1.50",""
"leicester","Appetisers, Chat & Tawa","","Chutney Tray: Mango Mint & Tomato Garlic","£3.50",""
"leicester","Appetisers, Chat & Tawa","","Desi Style Chicken Lollypop","£14","with Tamarind & Mint Chutney (g) (d)"
"leicester","Appetisers, Chat & Tawa","","King Prawn with Mango & Cucumber Salsa (g) (d)","£16",""
"leicester","Appetisers, Chat & Tawa","","Papri Chat","£11","with Tangy Chutney, Sweet Yogurt Topped with Sev (v) (g) (d)"
"leicester","Appetisers, Chat & Tawa","","Pani Puri","£9","with Puffed Crispy Ball, Spicy Mint & Coriander Water (v) (g) (d)"
"leicester","Appetisers, Chat & Tawa","","Homemade Chicken Samosa","£11","with Tamarind & Mint Chutney (g) (d)"
"leicester","Appetisers, Chat & Tawa","","Organic Salmon Tikki","£16","with Caramel Roasted Pineapple Relish (d)"
"leicester","Appetisers, Chat & Tawa","","Onion & Mix Pepper Bajee","£9",""
"leicester","Appetisers, Chat & Tawa","","Aloo and Asparagus Tikki","£9",""
"leicester","Appetisers, Chat & Tawa","","Beetroot Chop","£9",""
"leicester","Tandoor, Grill & Sigri","","Varanasi Paneer Tikka","£14","with Coconut & Curry Leaf (v) (n) (d)"
"leicester","Tandoor, Grill & Sigri","","Kasturi Chicken Tikka","£15","with Caramelised Pineapple Chutney (d)"
"leicester","Tandoor, Grill & Sigri","","Nawabi Spiced Lamb Seekh","£16","with Cumin Mint Chutney (d)"
"leicester","Tandoor, Grill & Sigri","","Tandoori Lamb Chops","£17","with Pickled Onion"
"leicester","Tandoor, Grill & Sigri","","Bhatti Ka Boti Kebab","£16","Textures of Beetroot (d)"
"leicester","Tandoor, Grill & Sigri","","Tandoori Wild King Prawn","£17","with spicy beetroot ketchup (d)"
"leicester","Tandoor, Grill & Sigri","","Tandoori Ratan, Sharing Kebab Platter","£27","2 Chicken, Lamb Sheekh, 2 Boti"
"leicester","Tandoor, Grill & Sigri","","Samundri Khazana Sharing Platter, 4 dishes from the Sea","£49","(2 pieces each) (Scallops, Salmon & King Prawn) (d) (g)"
"leicester","Tandoor, Grill & Sigri","","Maharaja Platter (4 guests, 4 pieces each)","£59","(Skeekh Kebab, Murgh Lasooni Tikka, Veg Samosa, Paneer Tikka)"
"leicester","Mains (on a plate)","","Nizami Vegetable Kofta Curry (v) + extra piece","£15",""
"leicester","Mains (on a plate)","","Karahi Paneer (v)","£17",""
"leicester","Mains (on a plate)","","Paneer Tikka Masala (v) (n) (d)","£17",""
"leicester","Mains (on a plate)","","Murg Masala","£24","with Tomato & Fenugreek Sauce (n) (d)"
"leicester","Mains (on a plate)","","Chill Chicken in Black Pepper & Chilli Garlic (g)","£24",""
"leicester","Mains (on a plate)","","Delhi Style Classic Tandoori Chicken, served with Salad (d)","£22",""
"leicester","Mains (on a plate)","","Badami Murg Korma, Mango & Desiccated Coconut Curry (n) (d)","£24",""
"leicester","Mains (on a plate)","","Lamb Saddle with Spicy Dhunger Mash (d)","£28",""
"leicester","Mains (on a plate)","","Lamb Shank Kasmeeri in Herbs & Spices","£27",""
"leicester","Mains (on a plate)","","Lamb Karahi with Special Desi Karahi Sauce","£24",""
"leicester","Mains (on a plate)","","Shredded Lamb with Kashmiri Herbs & Spices","£25",""
"leicester","Mains (on a plate)","","Malabar King Prawn in Chef Special Spiced Sauce (d)","£28",""
"leicester","Mains (on a plate)","","Samudri Khazana (mix seafood) in Tomato & Spring Onion","£30",""
"leicester","Mains (on a plate)","","Lamb Chop Masala","£28",""
"leicester","Bowl Curries","","Dhaniya Methi Murgh","£24",""
"leicester","Bowl Curries","","Varanasi Chicken Curry","£24",""
"leicester","Bowl Curries","","Butter Chicken (n)","£23",""
"leicester","Bowl Curries","","King Prawn Bhuna","£30","with Potato"
"leicester","Biryani Dishes","","Nawabi Chicken Biryani","£26",""
"leicester","Biryani Dishes","","Lucknow Lamb Biryani","£27",""
"leicester","Side Dishes","","Raita","£5",""
"leicester","Side Dishes","","Cauliflower & Peas","£9",""
"leicester","Side Dishes","","Dal Makhani Black Lentil","£10",""
"leicester","Side Dishes","","Tarka Daal","£10",""
"leicester","Side Dishes","","Bombay Aloo","£10",""
"leicester","Side Dishes","","Palak Makai Ki Sabzi","£10",""
"leicester","Side Dishes","","Pickled Okra Masal","£11",""
"leicester","Rice & Bread","","Steamed Rice","£5",""
"leicester","Rice & Bread","","Pilau Rice","£6",""
"leicester","Rice & Bread","","Tandoori Roti","£4",""
"leicester","Rice & Bread","","Spicy Rice","£6",""
"leicester","Rice & Bread","","Potato & Peas Kulcha (g,d)","£6",""
"leicester","Rice & Bread","","Lachha Paratha (g,d)","£6",""
"leicester","Rice & Bread","","Butter Naan (g,d)","£5",""
"leicester","Rice & Bread","","Peshwari Naan (n,g,d)","£6",""
"leicester","Rice & Bread","","Cheese Naan (g,d)","£6",""
"leicester","Rice & Bread","","Keema Naan (g,d)","£6",""
"leicester","Rice & Bread","","Garlic Naan (g,d)","£6",""
"leicester","Desserts","","Kesar Mango Rasmalai (d,n,g)","£11",""
"leicester","Desserts","","Coconut Pannacotta with Passion and Mango (d)","£11",""
"leicester","Desserts","","Cheesecake (Pistachio, Strawberry & Chocolate) (w,d,s,n)","£12",""
"leicester","Desserts","","Sorbet selection (Melon, Passion and Coconut) (n)","£11",""
"leicester","Desserts","","Gulab Jamun with Vanilla Ice Cream (n,g,d)","£10",""
"leicester","Vegan Desserts","","Chocolate Fondant (w,d,n)","£12","A vegan chocolate fondant made with dark chocolate"
"leicester","Coffee & Tea","","Black Coffee","£4.50",""
"leicester","Coffee & Tea","","Espresso","£3",""
"leicester","Coffee & Tea","","Double Espresso","£3.50",""
"leicester","Coffee & Tea","","Cappuccino","£4.50",""
"leicester","Coffee & Tea","","Latte","£4.50",""
"leicester","Coffee & Tea","","Americano","£4.50",""
"leicester","Coffee & Tea","","Selection of Teas","£4.50",""
"leicester","Coffee & Tea","","Irish Coffee Whisky","£9",""
"leicester","Coffee & Tea","","French Coffee Cognac","£9",""
"leicester","Coffee & Tea","","Italian Coffee Amaretto","£9",""
"leicester","Shahi Set Menu","Pre-Starter","Poppadoms","","Chutney Trays: Mango Mint & Tomato Garlic"
"leicester","Shahi Set Menu","Starters","Nawabi Spiced Lamb Seekh","","with Cumin Mint Chutney (d)"
"leicester","Shahi Set Menu","Starters","Potato Cutlet (v)","",""
"leicester","Shahi Set Menu","Starters","Murg Lassuni Tikka","",""
"leicester","Shahi Set Menu","Mains","Paneer Tikka Masala (v) (n) (d)","",""
"leicester","Shahi Set Menu","Mains","Varanasi Chicken Curry","",""
"leicester","Shahi Set Menu","Mains","Tarka Daal","",""
"leicester","Shahi Set Menu","Mains","Steamed Rice","",""
"leicester","Shahi Set Menu","Mains","Lamb Karahi","",""
"leicester","Shahi Set Menu","Mains","Naan","",""
"leicester","Shahi Set Menu","Dessert","Panna Cotta","",""
"leicester","Shahi Set Menu","Dessert","Ras Malai","",""
"leicester","Shahi Set Menu","Dessert","Cheesecake","",""
"leicester","Dawat","Pre-Starter","Poppadoms","","Chutney Trays: Mango Mint & Tomato Garlic"
"leicester","Dawat","Starters","Bhatti Ka Boti Kebab","","Textures of Beetroot (d)"
"leicester","Dawat","Starters","Tandoori Wild King Prawn","","with spicy beetroot ketchup (d)"
"leicester","Dawat","Starters","Kasturi Chicken Tikka","","with Pickled Cucumber, Coriander Chutney"
"leicester","Dawat","Mains","King Prawn Bhuna","","with Potato"
"leicester","Dawat","Mains","Murg Masala","","with Tomato & Fenugreek Sauce (n) (d)"
"leicester","Dawat","Mains","Lamb Karahi","",""
"leicester","Dawat","Mains","Naan","",""
"leicester","Dawat","Dessert","Ras Malai","",""
"leicester","Dawat","Dessert","Cheesecake","",""
"leicester","Dawat","Dessert","Strawberry & Mango Panna Cotta","",""
"leicester","Vegetarian Set Menu","Pre-Starter","Poppadoms","","Chutney Trays: Mango Mint & Tomato Garlic"
"leicester","Vegetarian Set Menu","Starters","Varanasi Paneer Tikka","","with Coconut & Curry Leaf (v) (n) (d)"
"leicester","Vegetarian Set Menu","Starters","Beetroot Chop","","with Golden Raisins"
"leicester","Vegetarian Set Menu","Starters","Tangy Saffron Relish","",""
"leicester","Vegetarian Set Menu","Starters","Coconut & Cashew Crust","",""
"leicester","Vegetarian Set Menu","Starters","Papdi Chaat","",""
"leicester","Vegetarian Set Menu","Mains","Dal Makhani Black Lentil","",""
"leicester","Vegetarian Set Menu","Mains","Pilau Rice","",""
"leicester","Vegetarian Set Menu","Mains","Bharwa Baingan","",""
"leicester","Vegetarian Set Menu","Mains","Chana Masala & Bhindi Shreddings","",""
"leicester","Vegetarian Set Menu","Mains","Malai Kofta","",""
"leicester","Vegetarian Set Menu","Mains","Naan (Butter & Garlic)","",""
"leicester","Vegetarian Set Menu","Dessert","Ras Malai","",""
"leicester","Vegetarian Set Menu","Dessert","White Raspberry Cheesecake","",""
"leicester","Vegetarian Set Menu","Dessert","Drinks Menu","","We boast an elegant wine and drinks menu with an extensive selection of Gin’s, Whiskeys, Rums and Cognacs, championing the cocktail sector with “The Jewel of Varanasi’."